{"cameraMode":{"drawMode":0,"name":"Shaded","section":"Shading Mode"},"sceneLighting":true,"audioPlay":false,"sceneViewState":{"showFog":true,"showMaterialUpdate":false,"showSkybox":false,"showFlares":true,"showImageEffects":true,"showParticleSystems":true},"in2DMode":false,"pivot":{"x":-0.058261871337890628,"y":5.1907057762146,"z":202.00143432617188},"rotation":{"x":-0.06774281710386276,"y":0.9088296294212341,"z":-0.1628541797399521,"w":-0.3780478239059448},"size":221.5517120361328,"orthographic":false}