{"cameraMode":{"drawMode":0,"name":"Shaded","section":"Shading Mode"},"sceneLighting":true,"audioPlay":false,"sceneViewState":{"showFog":true,"showMaterialUpdate":false,"showSkybox":false,"showFlares":true,"showImageEffects":true,"showParticleSystems":true},"in2DMode":false,"pivot":{"x":0.5675010681152344,"y":4.906041145324707,"z":41.549442291259769},"rotation":{"x":-0.06774281710386276,"y":0.9088296294212341,"z":-0.1628541797399521,"w":-0.3780478239059448},"size":105.9285888671875,"orthographic":false}