{"cameraMode":{"drawMode":0,"name":"Shaded","section":"Shading Mode"},"sceneLighting":true,"audioPlay":false,"sceneViewState":{"showFog":true,"showMaterialUpdate":false,"showSkybox":false,"showFlares":true,"showImageEffects":true,"showParticleSystems":true},"in2DMode":false,"pivot":{"x":72.16407012939453,"y":5.156075477600098,"z":17.835098266601564},"rotation":{"x":-0.06774281710386276,"y":0.9088296294212341,"z":-0.1628541797399521,"w":-0.3780478239059448},"size":146.40623474121095,"orthographic":false}