{"cameraMode":{"drawMode":0,"name":"Shaded","section":"Shading Mode"},"sceneLighting":true,"audioPlay":false,"sceneViewState":{"showFog":true,"showMaterialUpdate":false,"showSkybox":true,"showFlares":true,"showImageEffects":true,"showParticleSystems":true},"in2DMode":false,"pivot":{"x":-4.405167102813721,"y":-3.2283005714416506,"z":-20.501419067382814},"rotation":{"x":-0.06774281710386276,"y":0.9088296294212341,"z":-0.1628541797399521,"w":-0.3780478239059448},"size":10.0,"orthographic":false}